Title,Genres,Poster_Path
O Jogo da Dívida: Quem Deve a Quem?,Documentary,posters/movie0.png
Melody,Comedy Drama Romance,posters/movie1.png
Distant Worlds: Music from Final Fantasy Returning Home,Music,posters/movie2.png
"Endings, Beginnings",Romance Drama,posters/movie3.png
Let's Get Those English Girls,Comedy,posters/movie4.png
Ça va passer... mais quand?,Comedy TV Movie,posters/movie5.png
Disillusion,Comedy,posters/movie6.png
Jennifer on My Mind,Drama Comedy,posters/movie7.png
The Undercover,Crime Action,posters/movie8.png
Barred for Life 2,Action Documentary,posters/movie9.png
Robot Chicken DC Comics Special III: Magical Friendship,Animation,posters/movie10.png
The Armed Organization,Drama,posters/movie11.png
Radúz a Mahulena,Romance Fantasy Drama,posters/movie12.png
Awfully Deep,Comedy Drama,posters/movie13.png
Anita Ho,Romance Comedy,posters/movie14.png
Die Notlüge,Comedy,posters/movie15.png
Niños del paraíso,Documentary,posters/movie16.png
Anna in the Dark,Drama,posters/movie17.png
The Public Image is Rotten,Documentary Music,posters/movie18.png
Life Together,Comedy,posters/movie19.png
Friend Zone,Romance,posters/movie20.png
Sandra Brown's White Hot,TV Movie Drama Mystery,posters/movie21.png
Days of Sin and Nights of Nymphomania,Drama Crime,posters/movie22.png
Starzan: Shouting Star Of The Jungle,Comedy,posters/movie23.png
This Is Not a Film,Documentary,posters/movie24.png
Eagle Feather,Drama Adventure,posters/movie25.png
Kaikou The Encounter,Horror,posters/movie26.png
The Crew,Comedy Drama,posters/movie27.png
Public Nuisance No. 1,Comedy Music,posters/movie28.png
Nights of the Werewolf,Horror,posters/movie29.png
Island of Lost Children,Documentary,posters/movie30.png
Real McCoy,Documentary,posters/movie31.png
ATM,Horror Thriller,posters/movie32.png
Princes In Exile,Drama,posters/movie33.png
The Mountain,Drama Adventure,posters/movie34.png
GoGo Sentai Boukenger vs. Super Sentai,Action Adventure Science Fiction,posters/movie35.png
The Phynx,Comedy,posters/movie36.png
Fish People,Comedy,posters/movie37.png
GWF Women's Wrestling Revolution 5,Action Drama,posters/movie38.png
Clumsy Little Acts of Tenderness,Comedy,posters/movie39.png
El ejército perdido de la CIA,Documentary,posters/movie40.png
Café de Flore,Drama Romance,posters/movie41.png
La Petite Hutte,Comedy,posters/movie42.png
Irumbu Thirai,Thriller Action,posters/movie43.png
StalkHer,Comedy Romance Thriller,posters/movie44.png
Poverty and Nobility,Comedy,posters/movie45.png
Get Over It,Comedy Romance,posters/movie46.png
The War and the Dream of Momi,Fantasy Adventure Drama Animation,posters/movie47.png
Fatherland,Drama,posters/movie48.png
Winnerbäck - A Kind of Life,Documentary Music,posters/movie49.png
Over Your Cities Grass Will Grow,Documentary,posters/movie50.png
The Far Green Country,Documentary,posters/movie51.png
Der kleine Grenzverkehr,Comedy,posters/movie52.png
Beyond the Maypole,Documentary,posters/movie53.png
Shalom Italia,Documentary,posters/movie54.png
18 to Party,Comedy Drama,posters/movie55.png
Jil Jung Juk,Action Comedy Romance Thriller,posters/movie56.png
The Vampire Raiders,Horror,posters/movie57.png
Happy End,Drama,posters/movie58.png
Entierro de un funcionario en primavera,Comedy,posters/movie59.png
Mascagni: Cavalleria Rusticana / Leoncavallo: Pagliacci,Music Drama,posters/movie60.png
Faulty Roots,Drama,posters/movie61.png
Baronesa,Documentary Drama,posters/movie62.png
Fugitive Family,Drama TV Movie,posters/movie63.png
Save Your Soul,Drama,posters/movie64.png
by rule of CROW's thumb,Thriller Drama Comedy,posters/movie65.png
Blowin' Up,Documentary,posters/movie66.png
Lunar City,Documentary,posters/movie67.png
Ayudar al ojo humano,Mystery Drama,posters/movie68.png
Saria,Drama,posters/movie69.png
Suicide,Thriller Action Crime,posters/movie70.png
Destination Moon,Animation,posters/movie71.png
Tea with Mussolini,Comedy Drama War,posters/movie72.png
Panther Girl of the Kongo,Action Science Fiction,posters/movie73.png
A noi ci dicono,Documentary,posters/movie74.png
Homesteader Droopy,Animation,posters/movie75.png
Wild Tales,Drama Thriller Comedy,posters/movie76.png
Naked,Drama Romance,posters/movie77.png
Iris après la nuit,Drama,posters/movie78.png
A Partial Heart,Drama,posters/movie79.png
Alarm,Animation,posters/movie80.png
Exit Plan,Drama Mystery,posters/movie81.png
The Little Matchgirl,Drama Animation,posters/movie82.png
War Photographer,Documentary,posters/movie83.png
Female Unnikrishnan,Comedy,posters/movie84.png
Miss Mermaid,Documentary,posters/movie85.png
Super Margin,Action Comedy,posters/movie86.png
Ping Pong,Comedy Drama,posters/movie87.png
The Cavalier,Adventure Action Drama,posters/movie88.png
The Love Songs of Tiedan,Drama Comedy,posters/movie89.png
I Am Sorry,Drama Romance,posters/movie90.png
Peter Kay: Live & Back on Nights,Comedy Documentary,posters/movie91.png
My Dear Fellow,Romance Drama,posters/movie92.png
Four Christmases,Comedy Romance Drama,posters/movie93.png
O Beautiful Night,Comedy,posters/movie94.png
1 Cinta di Bira,Drama,posters/movie95.png
McCullin,Documentary,posters/movie96.png
Home Town Story,Comedy Drama Romance,posters/movie97.png
Propeller: A Vans Skateboarding Video,Documentary,posters/movie98.png
Story of an Opera House,Documentary,posters/movie99.png
Los muertos no hablan,Western Mystery Thriller,posters/movie100.png
Casi un sueño,Drama,posters/movie101.png
Anna,History,posters/movie102.png
The Shunning,Drama TV Movie,posters/movie103.png
No Trace,Crime Drama,posters/movie104.png
Lapse,Fantasy Science Fiction Thriller,posters/movie105.png
The Song of the Red Ruby,Romance Drama Comedy,posters/movie106.png
El convoy o (no soy una metrera),Comedy,posters/movie107.png
Lonely Are the Brave,Drama Western,posters/movie108.png
Washed Ashore,Documentary,posters/movie109.png
Ein Hund kam in die Küche,Crime,posters/movie110.png
What's So Bad About Feeling Good?,Comedy,posters/movie111.png
"Johnny Cash: The Man, His World, His Music",Documentary Music,posters/movie112.png
Obscene Beauty,Documentary,posters/movie113.png
Don't Try This at Home: The Steve-O Video,Action Comedy,posters/movie114.png
Der Kurpfuscher und seine fixen Töchter,Comedy,posters/movie115.png
Magic Kimono,Comedy Drama Mystery,posters/movie116.png
Tower,Animation Crime Documentary,posters/movie117.png
Burning Bright,Animation Action Thriller Fantasy Romance,posters/movie118.png
Hitsudan Hostess,Drama,posters/movie119.png
Money Not Enough 2,Comedy,posters/movie120.png
"100% lucha, el amo de los clones",Action Adventure Comedy,posters/movie121.png
Vivre Sa Vie,Drama,posters/movie122.png
Campfire Creepers: The Skull of Sam,Horror,posters/movie123.png
Scoundrel in White,Comedy,posters/movie124.png
Der Vetter aus Dingsda,Music,posters/movie125.png
Imitation of Life,Drama Romance,posters/movie126.png
Divorzio a Las Vegas,Comedy,posters/movie127.png
The Disappearance of My Mother,Documentary,posters/movie128.png
Grave Danger,Comedy Horror,posters/movie129.png
Jeremy,Family Comedy Drama,posters/movie130.png
Il giorno in più,Comedy,posters/movie131.png
O Jeca e o Bode,Comedy,posters/movie132.png
Jerry Seinfeld: Stand-Up Confidential,Comedy,posters/movie133.png
Armed and Deadly,Drama Mystery Thriller,posters/movie134.png
Doctor Who: Vengeance on Varos,Adventure Science Fiction Drama TV Movie,posters/movie135.png
A Perfect Murder,Crime Thriller Drama,posters/movie136.png
The Lottery,Documentary Thriller,posters/movie137.png
Тучи покидают небо,Drama Romance,posters/movie138.png
Kanna Pinna,Romance Comedy,posters/movie139.png
Divadlo Na zábradlí: Tajný agent,Drama Comedy,posters/movie140.png
Alias the Doctor,Drama,posters/movie141.png
La Saint-festin,Comedy Animation,posters/movie142.png
Sea Child,Animation Drama,posters/movie143.png
Ni se te ocurra... (dejar de verla),Comedy,posters/movie144.png
Dark Side of the Earth,Science Fiction,posters/movie145.png
The Ghost in the Swamp,Action Adventure Family,posters/movie146.png
Orphan,Drama,posters/movie147.png
Yarim ile Yamalak,Comedy,posters/movie148.png
Paddy,Comedy,posters/movie149.png
The Street,Comedy Animation Drama,posters/movie150.png
Show & Tell,Animation Adventure Comedy Fantasy,posters/movie151.png
The Mugging,Comedy,posters/movie152.png
Woman of Rumor,Romance Drama,posters/movie153.png
It's a Wonderful World,Comedy Crime Mystery Romance,posters/movie154.png
Byl jednou jeden polda,Comedy,posters/movie155.png
Lost Girls,Drama Mystery Thriller,posters/movie156.png
The Demons Among Us,Horror Thriller,posters/movie157.png
Soldiers of Salamina,Drama War History,posters/movie158.png
El día más largo,Drama,posters/movie159.png
Wolves Inside,Western,posters/movie160.png
The Hot Flashes,Comedy,posters/movie161.png
Shred,Comedy,posters/movie162.png
Operation Ganymed,Science Fiction Drama,posters/movie163.png
County Fair,Drama,posters/movie164.png
John Heffron: Middle Class Funny,Comedy,posters/movie165.png
Troubled Treasures,Action,posters/movie166.png
Hataw Na,Drama Music Romance,posters/movie167.png
Bank$tas,Comedy,posters/movie168.png
The Landing,Documentary,posters/movie169.png
Cuộc Chiến Chằn Tinh,Fantasy Adventure Family,posters/movie170.png
Before I Say Goodbye,Thriller,posters/movie171.png
WWE SummerSlam 2006,Action Drama,posters/movie172.png
Loose Loot,Comedy,posters/movie173.png
That Night,Drama Romance,posters/movie174.png
Umut Avcıları,Comedy,posters/movie175.png
La Forma dell'acqua,Crime,posters/movie176.png
Mission Blue,Documentary,posters/movie177.png
Love the One You're With,TV Movie Romance,posters/movie178.png
Lynyrd Skynyrd - Live at Rockpalast,Music Documentary,posters/movie179.png
En film om Jörn Donner,Documentary,posters/movie180.png
Pedestrian Subway,Drama,posters/movie181.png
Black Friday,Action Adventure Comedy Horror Science Fiction Thriller,posters/movie182.png
The Swap and How They Make It,Drama,posters/movie183.png
Little Fauss and Big Halsy,Drama,posters/movie184.png
Our Man,Drama,posters/movie185.png
Nibunan,Action Crime Thriller,posters/movie186.png
Time Traveller: The Girl Who Leapt Through Time,Adventure Science Fiction,posters/movie187.png
Centre Pompidou: Ceci n'est pas un musée,Documentary TV Movie,posters/movie188.png
The Lost Tribe,Action Adventure Drama Horror Thriller,posters/movie189.png
Lavell Crawford: Can a Brother Get Some Love?,Comedy,posters/movie190.png
Spine,Horror,posters/movie191.png
Family Meals,Documentary,posters/movie192.png
How to Frame a Figg,Comedy Family,posters/movie193.png
Finding Christmas,Family Comedy Romance TV Movie,posters/movie194.png
Panther Homecoming,Documentary,posters/movie195.png
Converso,Documentary,posters/movie196.png
Romance with Revolution,Documentary Drama History,posters/movie197.png
No Sex Last Night (Double-Blind),Documentary,posters/movie198.png
Ekaj,Drama,posters/movie199.png
Rouge,Drama,posters/movie200.png
The Collectress,Drama,posters/movie201.png
Our Vinyl Weighs a Ton: This Is Stones Throw Records,Documentary Music,posters/movie202.png
100 Yen: The Japanese Arcade Experience,Documentary,posters/movie203.png
Stanley Jordan - The Blue Note Concert,Music,posters/movie204.png
The Girl in the Fog,Crime Thriller Mystery,posters/movie205.png
Two Devices Connected,Horror,posters/movie206.png
Zuzanna i chlopcy,Adventure Drama Romance,posters/movie207.png
Broken Vows,TV Movie Thriller Drama Romance Mystery,posters/movie208.png
The Fragile Thing,Action Comedy Crime,posters/movie209.png
The Dark Gene,Documentary,posters/movie210.png
The Meanest Gal in Town,Comedy,posters/movie211.png
Cristais de Sangue,Drama,posters/movie212.png
K-9000: A Space Oddity,Animation,posters/movie213.png
La vida en rojo,Drama,posters/movie214.png
Me & You,Documentary Drama Animation,posters/movie215.png
The Visit,Documentary,posters/movie216.png
Les Gaulois,Documentary,posters/movie217.png
Hunting the Hammerhead,Documentary,posters/movie218.png
A Young Man With High Potential,Crime Thriller,posters/movie219.png
The Takers,Action Thriller,posters/movie220.png
Film Stars Don't Die in Liverpool,Romance Drama,posters/movie221.png
Anonymous Rex,Action Fantasy Science Fiction TV Movie,posters/movie222.png
Businessmen,Drama Crime,posters/movie223.png
I Hate Kids,Comedy,posters/movie224.png
You Are My Adventure,Comedy,posters/movie225.png
E Non Se Ne Vogliono Andare!,Comedy,posters/movie226.png
In Deep Sleep,Drama,posters/movie227.png
Amaidhi Padai,Comedy Drama Crime,posters/movie228.png
Зачем человеку крылья,Drama,posters/movie229.png
Playmobil: Magic,Animation Family,posters/movie230.png
U nás v Mechově,Comedy,posters/movie231.png
No Tears,Drama,posters/movie232.png
Brancaleone at the Crusades,Comedy,posters/movie233.png
Cry Terror!,Crime Thriller,posters/movie234.png
America of the seventies. Two New York City,Documentary TV Movie,posters/movie235.png
Dragon Quest: The Adventure of Dai,Animation Adventure Fantasy,posters/movie236.png
Community Action Center,Romance History,posters/movie237.png
Fat Slags,Comedy,posters/movie238.png
Vakeel Saab,Action Drama Thriller,posters/movie239.png
Galawgaw,Romance Comedy,posters/movie240.png
Adolf and Marlene,Comedy,posters/movie241.png
Queerer than Thou,Animation Comedy,posters/movie242.png
Barbara Reimagined,Horror,posters/movie243.png
Folaim - Moment of Silliness,Comedy Drama,posters/movie244.png
"There We Were, Now Here We Are... The Making of Oasis",Documentary Music,posters/movie245.png
Invasion of Alien Bikini,Science Fiction Comedy Romance,posters/movie246.png
Two Señoritas from Chicago,Comedy,posters/movie247.png
Ore Kadal,Drama,posters/movie248.png
Doing Hard Time,Action Adventure Crime Drama,posters/movie249.png
"We Could Have, We Should Have, We Didn't...",Comedy Drama,posters/movie250.png
Zwerg Nase,Fantasy Family,posters/movie251.png
Death Becomes Her,Comedy Fantasy Horror,posters/movie252.png
Those Who Desire,Documentary,posters/movie253.png
American Experience: A Brilliant Madness,Documentary,posters/movie254.png
Death row family,Comedy,posters/movie255.png
Tobiasnætter,Comedy,posters/movie256.png
Dead Heat,Animation Action,posters/movie257.png
Česká cesta,Documentary,posters/movie258.png
Play Misty for Me,Crime Drama Romance Thriller,posters/movie259.png
Dorami-chan & Doraemons: Space Land's Critical Event,Animation,posters/movie260.png
Hipolita,Drama,posters/movie261.png
The Murder Man,Crime Drama Romance Thriller,posters/movie262.png
Captain Ahab,Adventure,posters/movie263.png
Be-Bop High School: A Dunce Rhapsody,Action Comedy,posters/movie264.png
The Art of Sitting Quietly and Doing Nothing,Comedy,posters/movie265.png
The Lover in the Attic,TV Movie History Drama,posters/movie266.png
Gymnasium Baby,Drama Thriller,posters/movie267.png
Poznań 56,Drama,posters/movie268.png
The Sextrovert,Drama,posters/movie269.png
Brasil,Drama,posters/movie270.png
"Franky, Frankly",Drama,posters/movie271.png
The Big Cube,Drama Thriller Mystery,posters/movie272.png
windows,Drama Family,posters/movie273.png
Mektoub,Drama,posters/movie274.png
The Shadowless,Drama Mystery,posters/movie275.png
Selfie,Comedy,posters/movie276.png
Radio Day,Comedy,posters/movie277.png
Intervista,Drama Comedy,posters/movie278.png
The Shove,Comedy Drama,posters/movie279.png
Ο χαζομπαμπάς,Comedy,posters/movie280.png
SI ROY,Drama Romance,posters/movie281.png
The Eye of the Storm,Crime Drama Thriller Mystery,posters/movie282.png
Kazarken: As We Dig,Documentary Fantasy,posters/movie283.png
Des animaux pas comme les autres,Documentary,posters/movie284.png
Blonďatá bestie,Comedy,posters/movie285.png
Concert,Animation,posters/movie286.png
Die HonigKuckucksKinder,Drama,posters/movie287.png
The Confession,Drama,posters/movie288.png
Kin chan no Cinema Jack,Comedy,posters/movie289.png
Контакты... конфликты... 4,Comedy Animation Music,posters/movie290.png
Back to Africa,Drama,posters/movie291.png
House of Hummingbird,Drama,posters/movie292.png
My Teacher Who Doesn't Know How to Read,Drama,posters/movie293.png
Framed for Murder,Crime Mystery Thriller,posters/movie294.png
Cedar Rapids,Comedy,posters/movie295.png
Speed Sisters,Documentary,posters/movie296.png
Charlot Watches You,Documentary Music,posters/movie297.png
Stochastics,Animation Documentary,posters/movie298.png
Hey Bunny,Comedy Family,posters/movie299.png
NC5: Contra a Lei do Impedimento,Documentary,posters/movie300.png
The Miracle of Todd-AO,Documentary,posters/movie301.png
Honjitsu no neko jijô,Comedy,posters/movie302.png
Ghar Ghar Ki Kahani,Comedy Drama Family,posters/movie303.png
Burnt Offerings,Horror Thriller Mystery,posters/movie304.png
The Tall Women,Western Adventure Romance Drama,posters/movie305.png
Violeta al fin,Drama,posters/movie306.png
Heavy Traffic,Animation Comedy Drama,posters/movie307.png
Benur - Un gladiatore in affitto,Comedy,posters/movie308.png
Page Miss Glory,Comedy Music Romance,posters/movie309.png
Home to Stay,Drama,posters/movie310.png
The Cleaners,Documentary,posters/movie311.png
House of Bamboo,Crime Drama,posters/movie312.png
Love's Labour's Lost,Comedy Romance,posters/movie313.png
Truth and Lies: The Family Manson,Documentary,posters/movie314.png
Dear Bayo,Romance,posters/movie315.png
Perfect Skin,Horror,posters/movie316.png
The Big I Am,Thriller Crime Drama,posters/movie317.png
The Animatrix,Animation Science Fiction,posters/movie318.png
Gaucho Serenade,Comedy Drama Music Western,posters/movie319.png
The Sandlot 2,Comedy Family,posters/movie320.png
We Are the Flesh,Drama Horror Fantasy,posters/movie321.png
Aimé Césaire: The Mask of Words,Documentary,posters/movie322.png
Slow Zoom Long Pause,Documentary,posters/movie323.png
#GeorgeWashington,Documentary,posters/movie324.png
The Ghoul,Horror Thriller,posters/movie325.png
Airlift,Comedy,posters/movie326.png
The Boogie Woogie Man,Music Horror Comedy Fantasy,posters/movie327.png
Joy in Moscow,TV Movie Crime Romance,posters/movie328.png
Crime and Punishment,Crime Drama,posters/movie329.png
Tamburo,Comedy,posters/movie330.png
Wild in the Streets,Comedy Drama Music,posters/movie331.png
Benjamin Britten: Peace and Conflict,Documentary Drama Music,posters/movie332.png
The Railroad,Drama Romance,posters/movie333.png
Retrato de familia,Drama,posters/movie334.png
A New Life,Drama,posters/movie335.png
On The Flip Side,Music,posters/movie336.png
Utada Hikaru Unplugged,Music,posters/movie337.png
The Other Side,Documentary,posters/movie338.png
Proof of the Man,Drama Crime Mystery,posters/movie339.png
He's Worse than Me,Comedy,posters/movie340.png
A Day in the Park,Thriller Horror,posters/movie341.png
Raiders of Ghost City,Action Western,posters/movie342.png
Egtved Girl,Documentary,posters/movie343.png
Classic Game Room,Documentary,posters/movie344.png
Bartolomeu Cid dos Santos - Por Terras Devastadas,Documentary,posters/movie345.png
Chef,Comedy,posters/movie346.png
Day Zero,Drama,posters/movie347.png
Uriah Heep - the legend continues,Music,posters/movie348.png
Above & Beyond #ABGT400,Music,posters/movie349.png
Just Don't Think I'll Scream,Documentary Drama,posters/movie350.png
Kingpin,Drama,posters/movie351.png
Al-Amin Project,Drama,posters/movie352.png
Mixwix,Comedy,posters/movie353.png
Veteran,Drama,posters/movie354.png
One Brick at a Time: Making the LEGO Batman Movie,Documentary,posters/movie355.png
Critters 2,Comedy Horror Science Fiction,posters/movie356.png
Противостояние,Drama Crime Mystery War,posters/movie357.png
Meet The Kuchar Brothers,Documentary,posters/movie358.png
Sailor Moon - Le Mouvement Final,Fantasy,posters/movie359.png
Tesito,Documentary,posters/movie360.png
Hercules and Xena - The Animated Movie: The Battle for Mount Olympus,Fantasy Adventure Animation,posters/movie361.png
Negociador,Comedy,posters/movie362.png
Diabla,Drama Fantasy Horror,posters/movie363.png
The Olsen Gang's Last Trick,Family Comedy Crime,posters/movie364.png
Shadows in an Empty Room,Drama Thriller Mystery Crime Action,posters/movie365.png
The Surprising History of Egypt,Documentary,posters/movie366.png
Lamboo Rastoo,Drama,posters/movie367.png
Doctor Who: Survival,Science Fiction Action Adventure TV Movie,posters/movie368.png
Kinder von Babel,Documentary,posters/movie369.png
Bula Quo!,Comedy Adventure Action,posters/movie370.png
Cold Souls,Comedy Drama Fantasy Science Fiction,posters/movie371.png
Bye Bye Belgium,Documentary,posters/movie372.png
Paul Is Dead,Comedy Fantasy,posters/movie373.png
Make Haste to Live,Thriller Mystery,posters/movie374.png
"42nd Street Forever, Volume 2: The Deuce",Comedy Documentary,posters/movie375.png
The Boss,Crime Drama,posters/movie376.png
Island: Wedding of the Zombies,Comedy Horror,posters/movie377.png
The Window,Drama,posters/movie378.png
Live From Lincoln Center: Danny Elfman's Music from the Films of Tim Burton,Music Documentary,posters/movie379.png
The Grey,Drama Thriller Action Adventure,posters/movie380.png
Maskerade,Comedy,posters/movie381.png
Il était une fois notre planète,Documentary,posters/movie382.png
Crying Tiger,Documentary,posters/movie383.png
The Hindenburg Explodes!,Comedy,posters/movie384.png
Şekerpare,Comedy,posters/movie385.png
The Lady Vanishes,Thriller Drama,posters/movie386.png
The Blue Lightning,Drama Action,posters/movie387.png
The Image Book,Drama Documentary,posters/movie388.png
Que pena tu vida,Romance Comedy,posters/movie389.png
Milford Graves Full Mantis,Documentary,posters/movie390.png
Nazi Concentration Camps,Documentary,posters/movie391.png
Mystery of the Ship Clock,Adventure Mystery Family,posters/movie392.png
The Unbelievable,Documentary Mystery,posters/movie393.png
Evening Classes,Comedy,posters/movie394.png
Holiday Affair,Comedy Drama Romance,posters/movie395.png
Winter Love Story,Romance TV Movie,posters/movie396.png
Lego Star Wars: The Padawan Menace,Animation Family Science Fiction,posters/movie397.png
Honeymoon,Thriller Horror,posters/movie398.png
Fake Doll,Comedy Crime,posters/movie399.png
"Danger! 50,000 Zombies",Horror Comedy,posters/movie400.png
Young Guns of Texas,Western,posters/movie401.png
Shunko,Family Drama,posters/movie402.png
Die ganze Welt singt nur Amore,Comedy Music,posters/movie403.png
Las nenas del mini-mini,Comedy,posters/movie404.png
Historias Breves 0,Drama Comedy Documentary,posters/movie405.png
Sanitarium,Horror Thriller,posters/movie406.png
Cops Is Always Right,Animation Comedy,posters/movie407.png
Genius,Thriller Action,posters/movie408.png
Get on the Dance Floor,Music,posters/movie409.png
The Kangaroo,Comedy Drama Music,posters/movie410.png
Don't Cry with Your Mouth Full,Comedy,posters/movie411.png
Tìm Vợ Cho Bà,Family Comedy,posters/movie412.png
Jîn,Drama,posters/movie413.png
Революция: Президент,Comedy,posters/movie414.png
Uda Aida,Drama,posters/movie415.png
Jo Koy: Lights Out,Comedy,posters/movie416.png
Yo-kai Watch Shadowside the Movie: Resurrection of the Demon King,Animation Family Fantasy Adventure,posters/movie417.png
Mehbooba,Drama Romance War Family,posters/movie418.png
Mozart Requiem,Music,posters/movie419.png
Street Racers,Documentary,posters/movie420.png
Rough Cut,Horror,posters/movie421.png
Sonny,Crime Drama,posters/movie422.png
Whispers Behind the Wall,Thriller TV Movie,posters/movie423.png
Ispade Rajavum Idhaya Raniyum,Drama Romance,posters/movie424.png
The Right Juice,Romance Comedy Drama,posters/movie425.png
Years young,Music Romance,posters/movie426.png
King-Size Canary,Animation Comedy,posters/movie427.png
I’m Terribly Sorry,Documentary,posters/movie428.png
A Matter of Honour,Comedy,posters/movie429.png
I Don't Know How She Does It,Romance Comedy,posters/movie430.png
The Judge and the Sinner,Drama,posters/movie431.png
La cigüeña distraída,Family Comedy,posters/movie432.png
A Report on the Party and the Guests,Drama Comedy,posters/movie433.png
Voices in the Clouds,Documentary,posters/movie434.png
Abacus and Sword,Drama,posters/movie435.png
Srinivasa Kalyanam,Drama Family,posters/movie436.png
Deadlock,Action,posters/movie437.png
The Dog Days of Winter,Animation Family,posters/movie438.png
Moja walka. Mamed Khalidov,Documentary,posters/movie439.png
The Lord of the Rings,Adventure Animation Fantasy,posters/movie440.png
Out of a Forest,Animation,posters/movie441.png
Story of Eva,Thriller Horror,posters/movie442.png
Flag Director's Edition: Issenman no Kufura no Kiroku,Animation Action War,posters/movie443.png
The Silent Power,Drama,posters/movie444.png
El alcalde y la política,Comedy,posters/movie445.png
Coco Chanel & Igor Stravinsky,Drama Romance,posters/movie446.png
Los desenfrenados,Comedy Family,posters/movie447.png
Who Will Save The Roses?,Drama,posters/movie448.png
Bing Slamet the Crybaby Cowboy,Drama Comedy Western,posters/movie449.png
The Racers,Drama,posters/movie450.png
Being Erika,Documentary,posters/movie451.png
Attack of the 50 Foot Woman,Horror Science Fiction,posters/movie452.png
We're from Jazz,Music Comedy,posters/movie453.png
Valleem Thetti Pulleem Thetti,Comedy Romance,posters/movie454.png
Ardhanaari,Drama,posters/movie455.png
Masha,Drama,posters/movie456.png
After,Drama,posters/movie457.png
La Sirena,Horror Drama,posters/movie458.png
Festival in Cannes,Drama Comedy,posters/movie459.png
Star Wars Droids: The Pirates and the Prince,Science Fiction Animation Adventure Family,posters/movie460.png
Life for Life: Maximilian Kolbe,Drama,posters/movie461.png
Waldbühne 2017 | Legends of the Rhine,Music,posters/movie462.png
Maroon 5: Rock in Rio 2011,Music,posters/movie463.png
Kowloon Forest,Drama,posters/movie464.png
Soundless,Action Thriller Crime,posters/movie465.png
The Price of a Good Time,Drama,posters/movie466.png
Duran Duran MTV Unplugged,Music,posters/movie467.png
Egg,Animation Documentary Drama,posters/movie468.png
Boone: The Bounty Hunter,Action,posters/movie469.png
Le mec de la tombe d'à côté,Drama Comedy,posters/movie470.png
Kunju Daivam,Drama,posters/movie471.png
Django Shoots First,Romance Western,posters/movie472.png
Dr Tscharniblues,Documentary Drama,posters/movie473.png
Vula,Drama,posters/movie474.png
Far From The Tree,Drama,posters/movie475.png
Don,Drama Action Comedy,posters/movie476.png
Asphyxiate,Drama,posters/movie477.png
The Nutcracker and the Four Realms,Fantasy Adventure Family,posters/movie478.png
Vecchi Pazzi,Drama,posters/movie479.png
Luther,Crime Drama,posters/movie480.png
Joaquim,Drama,posters/movie481.png
Bear-Night-Mare,Animation,posters/movie482.png
The Night Before Christmas,Animation Comedy,posters/movie483.png
摔香炉,Family Animation Comedy,posters/movie484.png
"Dear Mom, Love Cher",TV Movie Documentary,posters/movie485.png
The Young Dragons,Action,posters/movie486.png
Ittymaani: Made In China,Comedy Drama,posters/movie487.png
The Dead and the Damned 3: Ravaged,Action Horror,posters/movie488.png
A Mero Hajur 3,Romance Drama,posters/movie489.png
Gowdru Cycle,Comedy Drama,posters/movie490.png
Carne e Casca,Documentary,posters/movie491.png
Spona,Comedy,posters/movie492.png
Ночь длиною в жизнь,War Drama History Romance,posters/movie493.png
Pearl,Drama,posters/movie494.png
Where the Sky Sets the Clock,Romance,posters/movie495.png
The Willie Nelson Special - With Special Guest Ray Charles,Documentary Music,posters/movie496.png
Shiofuki hanayome no seihakusho,Drama Romance,posters/movie497.png
The Four-Faced Liar,Comedy Drama Romance,posters/movie498.png
Fistful of Diamonds,Crime Action,posters/movie499.png
Heartbeat,Drama Romance,posters/movie500.png
Inba Twinkle Lilly,Comedy Drama,posters/movie501.png
Dangerous Years,Drama,posters/movie502.png
Snehadeepame Mizhi Thurakku,Drama,posters/movie503.png
The Theory of Everything,Documentary,posters/movie504.png
General Education,Comedy,posters/movie505.png
Hellsinki,Action Crime Drama,posters/movie506.png
Todavía,Comedy Drama,posters/movie507.png
The Upper Hand,Drama Thriller Crime,posters/movie508.png
Valmiki,Drama,posters/movie509.png
Guns Girls and Gangsters,Crime Drama Thriller,posters/movie510.png
I Will Follow You Into the Dark,Drama Horror Romance Thriller,posters/movie511.png
The Paper Chase,Comedy Drama Romance,posters/movie512.png
Silent Night,Comedy Horror Thriller Mystery,posters/movie513.png
Ζητείται Ψεύτης,Comedy,posters/movie514.png
The Way Between Two Points,Drama,posters/movie515.png
Leviathan,Documentary,posters/movie516.png
Appu,Thriller,posters/movie517.png
Year of the Hedgehog,Documentary,posters/movie518.png
Baggerführer Bob,Horror Comedy,posters/movie519.png
Hiwa,Drama,posters/movie520.png
Man of the House,Action Comedy Family,posters/movie521.png
Seeing New York by Yacht,Documentary,posters/movie522.png
The Fish of My Life,Drama,posters/movie523.png
Lawang Garden,Horror,posters/movie524.png
L'amour,Drama,posters/movie525.png
Seven Days Ashore,Comedy Romance,posters/movie526.png
C.S. Lewis & The Chronicles of Narnia,Documentary,posters/movie527.png
Willard: The Hermit of Gully Lake,Documentary,posters/movie528.png
Quella provincia maliziosa,Comedy,posters/movie529.png
Les bonnes conditions,Documentary,posters/movie530.png
Muscles,Drama,posters/movie531.png
Holy Spirit,Comedy Mystery Thriller,posters/movie532.png
Myth Makers 6: Nicola Bryant,Documentary,posters/movie533.png
The Lucky Ones,Comedy Drama History,posters/movie534.png
City of Borders,Documentary,posters/movie535.png
Putting Pants on Philip,Comedy,posters/movie536.png
When Love Comes Around,Romance,posters/movie537.png
Virgin Hunters 3: Agents of Passion,Science Fiction,posters/movie538.png
So Wrong They're Right,Music Documentary,posters/movie539.png
Penny of Top Hill Trail,Western Comedy Drama,posters/movie540.png
Estaciones,Documentary,posters/movie541.png
Atlantis Found,Documentary,posters/movie542.png
Field of Lost Shoes,Drama History War Action,posters/movie543.png
Survivor,Science Fiction Action Adventure,posters/movie544.png
Cockrat,Documentary,posters/movie545.png
The Merry Frolics of Satan,Comedy Fantasy Horror,posters/movie546.png
A Tiger's Tail,Family,posters/movie547.png
Éclair au chocolat,Drama,posters/movie548.png
Deception by Design,Documentary,posters/movie549.png
The Blazer Girls,Comedy,posters/movie550.png
The Achievers: The Story of the Lebowski Fans,Documentary,posters/movie551.png
Instinct,Thriller,posters/movie552.png
Depraved,Horror Drama Science Fiction,posters/movie553.png
Le gros Bill,Drama,posters/movie554.png
Humans,Adventure Thriller Horror,posters/movie555.png
Scream Bloody Murder,Horror,posters/movie556.png
White Panic,Thriller Horror,posters/movie557.png
DefQon 1 Festival 2013,Music,posters/movie558.png
Kelinka Sabina,Comedy,posters/movie559.png
The Zodiac Killer,Crime Horror Thriller,posters/movie560.png
Castelo Rá-Tim-Bum: o Filme,Adventure Comedy Family Fantasy,posters/movie561.png
Three Young Texans,Western,posters/movie562.png
Kuduz,Drama,posters/movie563.png
"Eric Clapton - Planes, Trains and Eric",Music Documentary,posters/movie564.png
Culiaos,Drama,posters/movie565.png
Brampton's Own,Drama,posters/movie566.png
The Batman,Action Crime Drama,posters/movie567.png
My Room,Animation Horror Mystery,posters/movie568.png
For Love and Honor,Comedy Drama Romance TV Movie,posters/movie569.png
All I Need,Horror Thriller,posters/movie570.png
Ma che bella sorpresa,Comedy,posters/movie571.png
The Transcend,Romance Drama Horror,posters/movie572.png
King,Action Comedy Crime,posters/movie573.png
The 101 Dalmatians Musical,Music,posters/movie574.png
Hyena of London,Horror,posters/movie575.png
The Eyes of Me,Documentary,posters/movie576.png
Das Sacher. In bester Gesellschaft,Drama History,posters/movie577.png
Surfacing,Drama,posters/movie578.png
La Belle au bois dormant,Music,posters/movie579.png
Magic Beyond Words: The J.K. Rowling Story,Drama,posters/movie580.png
The Final Project,Thriller Horror,posters/movie581.png
Ti darò un posto all'inferno,Adventure,posters/movie582.png
Love's Vacuum,Comedy,posters/movie583.png
Meleparambil Aanveedu,Family Comedy,posters/movie584.png
Roy Orbison: Live at Austin City Limits,Music,posters/movie585.png
SK Gaming: The Journey,Documentary,posters/movie586.png
Juanito,Adventure Western,posters/movie587.png
O Regresso,Documentary,posters/movie588.png
Balls Out,Comedy,posters/movie589.png
Onsdagsväninnan,Drama,posters/movie590.png
The Creeping Flesh,Horror Science Fiction,posters/movie591.png
Make It Happen,Comedy Drama Romance,posters/movie592.png
Woods and Waters,Documentary,posters/movie593.png
Physics II,Drama,posters/movie594.png
Jenny,Horror,posters/movie595.png
UFC Fight Night 116: Rockhold vs. Branch,Action,posters/movie596.png
Cloud Atlas,Drama Science Fiction,posters/movie597.png
The Dream Wizard,Music Animation Family,posters/movie598.png
Monsieur Ripois,Drama Comedy,posters/movie599.png
Rykmentin murheenkryyni,Comedy,posters/movie600.png
Have Heart,Comedy Animation,posters/movie601.png
His Favorite Person,Drama,posters/movie602.png
Dead Hunt,Horror,posters/movie603.png
WWE Clash of Champions 2020,Action Drama Mystery,posters/movie604.png
Breaking Bad Wolf,Documentary,posters/movie605.png
Queen Marie of Romania,Drama History,posters/movie606.png
Quem Vai Ficar com Mário?,Comedy,posters/movie607.png
Hooked on the Game 2. The Next Level,Action Science Fiction,posters/movie608.png
Icarus,Adventure Drama Science Fiction,posters/movie609.png
"Kuzola, le Chant des Racines",Documentary,posters/movie610.png
Kill Me Please,Thriller Drama,posters/movie611.png
Kometen,Documentary,posters/movie612.png
Tosca,Music,posters/movie613.png
Aisyah: Biarkan Kami Bersaudara,Drama,posters/movie614.png
Urbanus: Het Lustige Kapoentje,Comedy,posters/movie615.png
Oppai Chanbara: Striptease Samurai Squad,Comedy Fantasy Action,posters/movie616.png
The Catch,War Drama,posters/movie617.png
Remain,Drama,posters/movie618.png
Namie Amuro Live Style 2016-2017,Music,posters/movie619.png
Touch me,Drama Science Fiction,posters/movie620.png
The Pandemic Anthology,Horror,posters/movie621.png
Fata Morgana,Drama Romance,posters/movie622.png
Vasco Rossi - Fronte  del palco Live 90,Music,posters/movie623.png
Scream Dream,Thriller Horror Comedy,posters/movie624.png
The Flirting Widow,Romance Comedy,posters/movie625.png
"Everything's Different, Nothing Has Changed",Documentary,posters/movie626.png
A Closed Mouth Catches No Flies,Drama,posters/movie627.png
Kalde føtter,Comedy,posters/movie628.png
The End of Decay,Horror Science Fiction,posters/movie629.png
Léo,Drama Family,posters/movie630.png
Distant Thunder,Drama,posters/movie631.png
Fatoş Talihsiz Yavru,Drama,posters/movie632.png
The Legend of Manxmouse,Animation Adventure Family,posters/movie633.png
Inlaws & Outlaws,Documentary,posters/movie634.png
"Liebe, Tod & viele Kalorien",Comedy,posters/movie635.png
We Are All Demons,Drama,posters/movie636.png
One More Chance,Drama Romance,posters/movie637.png
Azougue Nazaré,Drama,posters/movie638.png
The Dog Who Saved Summer,Family,posters/movie639.png
Dragonquest,Fantasy,posters/movie640.png
"Institute Benjamenta, or This Dream People Call Human Life",Animation Drama,posters/movie641.png
Death Trap,Action Adventure,posters/movie642.png
Sofia Areal: An Anti-Pain Office,Documentary,posters/movie643.png
The Classic Project Vol. 2,Music,posters/movie644.png
Superstars,Comedy Music Drama,posters/movie645.png
Long Day Tomorrow,Documentary,posters/movie646.png
The Innocent Lie,Drama,posters/movie647.png
The Cannibal Warlords of Liberia,Documentary,posters/movie648.png
Azhiyatha Kolangal 2,Drama,posters/movie649.png
Sunset,Animation,posters/movie650.png
Virgina,Drama,posters/movie651.png
The Safe Road 2000,Comedy Drama,posters/movie652.png
It's a Wonderful World,Comedy Music,posters/movie653.png
Menace,Mystery,posters/movie654.png
Toprak,Drama,posters/movie655.png
The Mirror Has Two Faces,Drama,posters/movie656.png
Lovely to Look At,Comedy Music Romance,posters/movie657.png
Mahasamudram,Drama Romance,posters/movie658.png
Ura Horror,Horror,posters/movie659.png
Ra Ra Krishnayya,Comedy Drama Romance,posters/movie660.png
The Great Day,Drama,posters/movie661.png
Willkommen in Lüsgraf,Comedy,posters/movie662.png
Más fina que las gallinas,Comedy,posters/movie663.png
Ecce Bombo,Comedy Drama,posters/movie664.png
Lilith,Horror,posters/movie665.png
Part Time Job,Romance,posters/movie666.png
Time & Tide,Documentary,posters/movie667.png
Andy Warhol,Documentary,posters/movie668.png
Bokar Rimpoche: Meditation Master,Documentary,posters/movie669.png
Pigen og vandpytten,Comedy,posters/movie670.png
Ripper Man,Action Horror Thriller,posters/movie671.png
Getting Gilliam,Documentary,posters/movie672.png
Hui Buh: The Castle Ghost,Animation Fantasy Adventure Comedy,posters/movie673.png
La mujer es cosa de hombres,Comedy,posters/movie674.png
Sudani from Nigeria,Comedy Drama Family,posters/movie675.png
The Big Mess,Science Fiction Comedy,posters/movie676.png
Home Page,Documentary,posters/movie677.png
Aim High In Creation!,Documentary,posters/movie678.png
Massacre Time,Western,posters/movie679.png
Then There Were None,Documentary History,posters/movie680.png
Bad Hats,Drama TV Movie,posters/movie681.png
Pushing Up Daisies,Action Comedy,posters/movie682.png
Dealer,Action Adventure Comedy,posters/movie683.png
Midnight Ride,Thriller Action Horror,posters/movie684.png
Dismissed,Thriller Horror,posters/movie685.png
Sniffles Takes a Trip,Animation Comedy,posters/movie686.png
おでまし小魔神フーパ,Comedy Animation Adventure Family,posters/movie687.png
All Mighty Gambler,Action,posters/movie688.png
Cauldron of Blood,Horror,posters/movie689.png
End of Man,Drama Comedy,posters/movie690.png
"Politics, Instructions Manual",Documentary,posters/movie691.png
The Weight of Elephants,Drama,posters/movie692.png
To Hell and Gone,Western,posters/movie693.png
Die Lindenwirtin vom Donaustrand,Romance,posters/movie694.png
Men & Chicken,Comedy Drama,posters/movie695.png
Míček Flíček,Animation,posters/movie696.png
The Orchard,Drama Animation Family,posters/movie697.png
Fuse,Comedy Drama,posters/movie698.png
Birds of a Feather,Comedy,posters/movie699.png
Little Lost Sea Serpent,Family Comedy,posters/movie700.png
Peek-a-boo,Comedy,posters/movie701.png
"Chantal Akerman, From Here",Documentary,posters/movie702.png
I Killed Napoleon,Comedy,posters/movie703.png
The Imperial Japanese Empire,War,posters/movie704.png
The Vanishing Act of Einar,Documentary,posters/movie705.png
"Kim Ji-young, Born 1982",Drama,posters/movie706.png
The Good Book,Horror Science Fiction,posters/movie707.png
Escort,Documentary,posters/movie708.png
Nine Inch Nails: Woodstock 94,Music,posters/movie709.png
Weird Is Who's Not Weird,Romance,posters/movie710.png
Orphan Island Paradise,War Drama,posters/movie711.png
Thavalam,Family,posters/movie712.png
Jason Bourne,Action Thriller,posters/movie713.png
The Butterfly Circus,Drama,posters/movie714.png
杀无赦II逃亡之路,Mystery Crime,posters/movie715.png
Flesh and Spirit,Drama,posters/movie716.png
Stalin's James Bond,Documentary History TV Movie,posters/movie717.png
Hot Shots,Comedy,posters/movie718.png
Lynyrd Skynyrd @ Hellfest,Music,posters/movie719.png
The Route 20 National Road,Drama,posters/movie720.png
Lobos da Serra,Drama,posters/movie721.png
The Silent Truth,Documentary,posters/movie722.png
Yuri Lennon's Landing on Alpha 46,Science Fiction,posters/movie723.png
A History of Radness,Family TV Movie,posters/movie724.png
Batmetal Returns,Music Comedy,posters/movie725.png
The Horror Of Sandy Creek,Comedy Horror,posters/movie726.png
Dalva,Drama Romance TV Movie,posters/movie727.png
An Anthropological Television Myth,Documentary,posters/movie728.png
The Stanford Prison Experiment,Thriller,posters/movie729.png
Law of the Lawless,Western,posters/movie730.png
Doctor Who: The Next Doctor,Science Fiction TV Movie,posters/movie731.png
Safari Rally,Action,posters/movie732.png
The Eye's Dream,Thriller,posters/movie733.png
Born in Freedom: The Story of Colonel Drake,Documentary,posters/movie734.png
A Fishy Fishing Trip,Animation Family,posters/movie735.png
In the Jaws of Life,Comedy,posters/movie736.png
Flirting with Forty,Comedy Romance Drama,posters/movie737.png
Two Days Along The Ridge,Action Adventure Horror,posters/movie738.png
Vera,Drama,posters/movie739.png
Under The Greenwood Tree,Drama Romance,posters/movie740.png
Dedicated to...,Drama,posters/movie741.png
Nada,Crime Thriller,posters/movie742.png
Little Peters Big Adventure,Adventure,posters/movie743.png
The Little Wide-Mouthed Frog,Animation Family,posters/movie744.png
Undercover Blues,Comedy Crime,posters/movie745.png
Poisonous Roses,Drama,posters/movie746.png
Memphis '69,Documentary Music,posters/movie747.png
Offres Spéciales,Drama,posters/movie748.png
Joan Baez: The Fare Thee Well Tour 2018/2019,Music,posters/movie749.png
My Sister Lucy,Drama Family,posters/movie750.png
"The Long, Long Trail",Western,posters/movie751.png
Intersection,Thriller Crime Drama Romance Mystery,posters/movie752.png
A Coach's Daughter,Drama,posters/movie753.png
Time Lapse,Thriller Science Fiction Mystery,posters/movie754.png
Tone Death,Comedy Horror,posters/movie755.png
Origins of the 21st Century,Documentary,posters/movie756.png
Mission Hill,Drama,posters/movie757.png
Top Flat,Comedy,posters/movie758.png
Fort Yuma,Western,posters/movie759.png
The Source,Horror Thriller Science Fiction,posters/movie760.png
Ayalvasi Oru Daridravasi,Drama Comedy,posters/movie761.png
The Fugitive,Drama History War,posters/movie762.png
David A. Arnold: Fat Ballerina,Comedy TV Movie,posters/movie763.png
Mutants,Horror Science Fiction,posters/movie764.png
The Whirl,Action Drama Fantasy Mystery,posters/movie765.png
The Satan Bug,Crime Science Fiction,posters/movie766.png
Attack of the Jungle Women,Documentary Drama,posters/movie767.png
Les poussières de Daech,Documentary,posters/movie768.png
Scenes of a Sexual Nature,Comedy Drama Romance,posters/movie769.png
Blondie: Live in New York,Music,posters/movie770.png
Aindhaam Thalaimurai Sidha Vaidhiya Sigamani,Comedy Romance,posters/movie771.png
Victor Dreams of Losing,Drama,posters/movie772.png
Meeting of the Spirits,Music,posters/movie773.png
For the Hopeless Romantic,Romance Drama,posters/movie774.png
The Period of Examinations,Drama,posters/movie775.png
Space Riders,Drama,posters/movie776.png
I America,Comedy Drama,posters/movie777.png
The Amulet of Ogum,Drama Crime,posters/movie778.png
The Last Continent,Documentary,posters/movie779.png
Prayers for Refuseniks,Documentary,posters/movie780.png
Untitled Star Wars Trilogy: Episode II,Science Fiction Action Adventure,posters/movie781.png
The Girl from Tyan-Shan,Drama,posters/movie782.png
Oklahoma Crude,Comedy Drama Western,posters/movie783.png
Gentille,Comedy,posters/movie784.png
The Silent Alps,Documentary,posters/movie785.png
The Transcendental Object at the End of Time,Documentary,posters/movie786.png
Springtime for Samantha,Animation,posters/movie787.png
End of the Wicked Tigers,Action,posters/movie788.png
An obsolete altar,Crime Drama Fantasy,posters/movie789.png
The Star of Bethlehem,Drama,posters/movie790.png
How Fernando Pessoa Saved Portugal,Comedy,posters/movie791.png
Libre directo,Comedy Drama,posters/movie792.png
Tokyo Days,Documentary,posters/movie793.png
Come Tex nessuno mai,Documentary,posters/movie794.png
The Making of 'The Silence of the Lambs',Documentary Thriller Horror,posters/movie795.png
Let's Be Real,Comedy,posters/movie796.png
Spirit of the Forest,Fantasy Animation,posters/movie797.png
Shackled Bounty,Action,posters/movie798.png
The Matrix 4,Action Science Fiction Adventure,posters/movie799.png
Moliere,Romance Drama Comedy,posters/movie800.png
After She Wakes,Horror Thriller,posters/movie801.png
Suka Ma Suka,Comedy Romance,posters/movie802.png
The Norliss Tapes,Horror TV Movie Thriller,posters/movie803.png
14,Drama,posters/movie804.png
"Kali, the Little Vampire",Animation,posters/movie805.png
Downstairs,Drama,posters/movie806.png
Manila in the Claws of Light,Drama Mystery,posters/movie807.png
Old Friends,Drama,posters/movie808.png
Stone,Drama Thriller,posters/movie809.png
Awkward Thanksgiving,Comedy,posters/movie810.png
Happy Birthday to John,Documentary,posters/movie811.png
Faith Connections,Documentary Drama,posters/movie812.png
Paradise,Drama,posters/movie813.png
Codine,Drama,posters/movie814.png
Nautanki Saala!,Comedy Drama Romance,posters/movie815.png
"Amazonas, Amazonas",Documentary,posters/movie816.png
Age of alarms,Drama,posters/movie817.png
I Died a Thousand Times,Crime Drama Thriller,posters/movie818.png
Unterwegs zu Lenin,Drama History,posters/movie819.png
You Will Be Fine,Animation Drama,posters/movie820.png
Atomic Apocalypse,Science Fiction,posters/movie821.png
Tahtakurusu,Drama Thriller,posters/movie822.png
From Subway with Love,Comedy Romance,posters/movie823.png
Walter e i Suoi Cugini,Comedy,posters/movie824.png
Warehoused,Comedy Drama,posters/movie825.png
The Colombian Connection,Action Crime Mystery,posters/movie826.png
Wind and Cloud of South Island,War,posters/movie827.png
Four Flies on Grey Velvet,Thriller Mystery Horror,posters/movie828.png
Hollywood in my House,Comedy,posters/movie829.png
Terror in the Family,Drama,posters/movie830.png
Fields of the Nephilim: Revelations + Forever Remain + Visionary Heads,Music,posters/movie831.png
Jeeva,Drama Romance,posters/movie832.png
Peterman,Thriller Crime Drama,posters/movie833.png
The Wild Blue Yonder,Drama Science Fiction Documentary,posters/movie834.png
I Give It a Year,Comedy Romance,posters/movie835.png
Wacky Quacky,Animation Comedy,posters/movie836.png
Pray for Dawn,Horror,posters/movie837.png
Ein Sommer in Island,Romance,posters/movie838.png
Home,Comedy,posters/movie839.png
Knock Knock,Horror,posters/movie840.png
UFO Sketch,Documentary,posters/movie841.png
The Big Night,Drama Thriller,posters/movie842.png
This Book Is Cursed,Horror,posters/movie843.png
House of Norway,Comedy,posters/movie844.png
Alex l'ariete,Action Adventure Crime,posters/movie845.png
Outside the Oranges Are Blooming,Documentary,posters/movie846.png
The Iron Lady,History Drama,posters/movie847.png
Spellbound,Mystery Thriller Romance,posters/movie848.png
The Adventures of the Electronic,Family Science Fiction Adventure,posters/movie849.png
The Cheerleader Murders,TV Movie Thriller,posters/movie850.png
Fire Over England,War Drama Adventure History Romance,posters/movie851.png
No Name Stars,Documentary,posters/movie852.png
Dark Mirror,Thriller Drama,posters/movie853.png
Nasi Lemak 2.0,Comedy,posters/movie854.png
Red-Headed Baby,Music Animation Comedy,posters/movie855.png
Algren,Documentary,posters/movie856.png
The Basics of Killing,Drama,posters/movie857.png
Prime Suspect 3: The Keeper of Souls,Crime Drama Mystery,posters/movie858.png
Dragonfly,Drama,posters/movie859.png
Invisible World,Drama,posters/movie860.png
Senior Escort Service,Comedy,posters/movie861.png
Eintritt kostenlos,Documentary,posters/movie862.png
Madrugada de Sangue,Drama,posters/movie863.png
When the Night,Drama,posters/movie864.png
Sueno,Drama Comedy Romance,posters/movie865.png
Dom unga örnarna,TV Movie Drama Comedy,posters/movie866.png
Birdsong,Drama,posters/movie867.png
Mandya Star,Drama,posters/movie868.png
Moglie nuda e siciliana,Comedy,posters/movie869.png
Zauberhaftes Norwegen,Documentary,posters/movie870.png
The Burning Boy,Romance Drama,posters/movie871.png
Bianca Del Rio's Rolodex of Hate,Comedy,posters/movie872.png
Chasm,Drama,posters/movie873.png
Cockfighter,Drama,posters/movie874.png
Bodega,Comedy,posters/movie875.png
The Pigpen,Animation,posters/movie876.png
Seven Samurai,Action Drama,posters/movie877.png
"A Day of One Hero, Starring Kazuki Shimizu",Documentary Action Comedy,posters/movie878.png
The Song of Love,Drama,posters/movie879.png
The Academy,Comedy Romance,posters/movie880.png
Rain,Drama,posters/movie881.png
Kandam Becha Kottu,Drama,posters/movie882.png
Hope Dies Last,Drama History,posters/movie883.png
Buon Natale Pinocchio,Animation,posters/movie884.png
Killer Body,Thriller TV Movie,posters/movie885.png
Silver City Kid,Action Western,posters/movie886.png
The Last Day of Bulkin I.S.,Comedy Drama,posters/movie887.png
Dogs,Horror,posters/movie888.png
The Village,Drama Mystery Thriller,posters/movie889.png
Sukar,Comedy,posters/movie890.png
Plebe Rude - João Rock 2019,Music,posters/movie891.png
Warning Shot,Drama Thriller,posters/movie892.png
2050,Drama Science Fiction Comedy,posters/movie893.png
Action Man,Action Comedy,posters/movie894.png
Delilah,Comedy Drama,posters/movie895.png
Rock 'n' Rodent,Animation,posters/movie896.png
Slow Bistro,Comedy Animation,posters/movie897.png
Jimmy Neutron Sea of Trouble,Animation,posters/movie898.png
Pierre Henry: The Art of Sounds,Documentary,posters/movie899.png
Blackmail Is My Life,Thriller Crime Drama,posters/movie900.png
"Entre Nós, Um Segredo",Documentary,posters/movie901.png
Our Cat,Documentary,posters/movie902.png
陶喆Soul Power香港演唱会,Music,posters/movie903.png
"Eu Sou Vida, Eu Não Sou Morte",Drama,posters/movie904.png
Government Contract,Comedy,posters/movie905.png
La felicidad de los perros,Drama,posters/movie906.png
Resident Evil: First Hour,Horror,posters/movie907.png
Öl - Die Wahrheit über den Untergang der DDR,TV Movie,posters/movie908.png
Karajan in Rehearsal,Music,posters/movie909.png
The Preacher's Mistress,Drama TV Movie,posters/movie910.png
Views on Vermeer - 12 Short Stories,Documentary,posters/movie911.png
The Outcast,Comedy,posters/movie912.png
Scorpion in Love,Romance Thriller Drama,posters/movie913.png
O'Lucky Man,Fantasy Comedy,posters/movie914.png
Poison Dew,Drama,posters/movie915.png
Alone,Thriller Mystery,posters/movie916.png
Come to the Stable,Drama,posters/movie917.png
Story of Kikuchi Castle - Song of the Guardsmen,History,posters/movie918.png
Super Documentary: The Avant-Garde Senjutsu,Documentary,posters/movie919.png
Indu Sarkar,Drama History,posters/movie920.png
Love Battle,Romance Comedy,posters/movie921.png
Portugal: One Day at a Time,Documentary,posters/movie922.png
Charlie Brown's Christmas Tales,Animation Comedy Family,posters/movie923.png
Theatre of Souls,Horror,posters/movie924.png
Edge of the City,Drama,posters/movie925.png
Flirting With Fifty,Drama,posters/movie926.png
Jeppe on a Friday,Drama Documentary,posters/movie927.png
Teen Maar,Drama,posters/movie928.png
The Land of Seonghye,Drama,posters/movie929.png
The Referee,Comedy,posters/movie930.png
The Mosaic Project,Science Fiction Action,posters/movie931.png
